[{"id":10003,"key":"g10003","title":"符文英雄","children":[{"id":43,"key":"g10003r43","title":"千奇SDK"},{"id":44,"key":"g10003r44","title":"Pocket海外SDK"},{"id":45,"key":"g10003r45","title":"应用宝"},{"id":46,"key":"g10003r46","title":"小米"},{"id":47,"key":"g10003r47","title":"UC"},{"id":48,"key":"g10003r48","title":"百度"},{"id":49,"key":"g10003r49","title":"华为"},{"id":50,"key":"g10003r50","title":"OPPO"},{"id":51,"key":"g10003r51","title":"魅族"},{"id":52,"key":"g10003r52","title":"金立"},{"id":53,"key":"g10003r53","title":"酷派"},{"id":54,"key":"g10003r54","title":"vivo"},{"id":55,"key":"g10003r55","title":"联想"},{"id":56,"key":"g10003r56","title":"千奇SD"},{"id":57,"key":"g10003r57","title":"麟游"},{"id":58,"key":"g10003r58","title":"迅雷"},{"id":59,"key":"g10003r59","title":"当乐"},{"id":60,"key":"g10003r60","title":"yyGame"},{"id":61,"key":"g10003r61","title":"新浪"},{"id":62,"key":"g10003r62","title":"靠谱助手"},{"id":63,"key":"g10003r63","title":"酷狗"},{"id":64,"key":"g10003r64","title":"37玩"},{"id":65,"key":"g10003r65","title":"360"},{"id":66,"key":"g10003r66","title":"千奇SDK(IOS)"},{"id":74,"key":"g10003r74","title":"千奇SDK(ios1)"},{"id":84,"key":"g10003r84","title":"千奇SDK(ios2)"},{"id":94,"key":"g10003r94","title":"千奇SDK(iOS)"}]}]