[{"id":10003,"key":"g10003","title":"符文英雄","children":[{"id":1,"key":"g10003a1","title":"首页","children":[]},{"id":2,"key":"g10003a2","title":"自研业务分析","children":[{"id":209,"key":"g10003a2b209","title":"活跃用户"},{"id":204,"key":"g10003a2b204","title":"留存用户"},{"id":206,"key":"g10003a2b206","title":"新手阶段留存"},{"id":201,"key":"g10003a2b201","title":"五分钟视图"},{"id":210,"key":"g10003a2b210","title":"在线用户"},{"id":207,"key":"g10003a2b207","title":"登录比"},{"id":202,"key":"g10003a2b202","title":"五力模型"},{"id":208,"key":"g10003a2b208","title":"新增用户"}]}]}]